"Status","Start Time","Stop Time","Duration in ms","Parent Suite","Suite","Sub Suite","Test Class","Test Method","Name","Description"
"passed","Thu Oct 01 11:17:08 UTC 2026","Thu Oct 01 11:17:09 UTC 2026","1203","","","","","","[STAGE] Positive: Successful login with valid credentials visual_user",""
"passed","Thu Oct 01 11:18:19 UTC 2026","Thu Oct 01 11:18:20 UTC 2026","857","","","","","","[STAGE] Positive: Complete checkout flow Rahul",""
"passed","Thu Oct 01 11:18:49 UTC 2026","Thu Oct 01 11:18:50 UTC 2026","837","","","","","","[STAGE] Positive: Complete checkout flow Karan",""
"passed","Thu Oct 01 11:16:24 UTC 2026","Thu Oct 01 11:16:25 UTC 2026","1129","","","","","","[STAGE] Positive: Complete checkout flow Priya",""
"passed","Thu Oct 01 11:18:26 UTC 2026","Thu Oct 01 11:18:27 UTC 2026","757","","","","","","[STAGE] Verify Successfully add product to cart @smoke",""
"passed","Thu Oct 01 11:18:51 UTC 2026","Thu Oct 01 11:18:52 UTC 2026","811","","","","","","[STAGE] Verify Open Invalid Product URL",""
"passed","Thu Oct 01 11:16:16 UTC 2026","Thu Oct 01 11:16:18 UTC 2026","2244","","","","","","[STAGE] Positive: Complete checkout flow Nitin",""
"passed","Thu Oct 01 11:16:01 UTC 2026","Thu Oct 01 11:16:01 UTC 2026","35","","","","","","[STAGE] TC_GET_002 - Fetch booking using invalid booking ID",""
"passed","Thu Oct 01 11:18:22 UTC 2026","Thu Oct 01 11:18:23 UTC 2026","868","","","","","","[STAGE] Positive: Complete checkout flow Neha",""
"passed","Thu Oct 01 11:16:14 UTC 2026","Thu Oct 01 11:16:15 UTC 2026","616","","","","","","[STAGE] Positive: Successful login with valid credentials visual_user",""
"passed","Thu Oct 01 11:18:17 UTC 2026","Thu Oct 01 11:18:18 UTC 2026","1048","","","","","","[STAGE] Positive: Complete checkout flow Amit",""
"passed","Thu Oct 01 11:18:29 UTC 2026","Thu Oct 01 11:18:30 UTC 2026","715","","","","","","[STAGE] Positive: Successful login with valid credentials visual_user",""
"passed","Thu Oct 01 11:16:55 UTC 2026","Thu Oct 01 11:16:57 UTC 2026","1764","","","","","","[STAGE] Positive: Complete checkout flow Neha",""
"passed","Thu Oct 01 11:16:48 UTC 2026","Thu Oct 01 11:16:50 UTC 2026","1500","","","","","","[STAGE] Positive: Complete checkout flow Priya",""
"passed","Thu Oct 01 11:16:05 UTC 2026","Thu Oct 01 11:16:06 UTC 2026","722","","","","","","[STAGE] Positive: Complete checkout flow Priya",""
"passed","Thu Oct 01 11:16:02 UTC 2026","Thu Oct 01 11:16:03 UTC 2026","853","","","","","","[STAGE] Positive: Complete checkout flow Nitin",""
"passed","Thu Oct 01 11:18:28 UTC 2026","Thu Oct 01 11:18:28 UTC 2026","724","","","","","","[STAGE] Positive: Successful login with valid credentials standard_user",""
"passed","Thu Oct 01 11:18:27 UTC 2026","Thu Oct 01 11:18:28 UTC 2026","786","","","","","","[STAGE] Verify Open Invalid Product URL",""
"passed","Thu Oct 01 11:18:41 UTC 2026","Thu Oct 01 11:18:42 UTC 2026","976","","","","","","[STAGE] Positive: Complete checkout flow Amit",""
"passed","Thu Oct 01 11:17:05 UTC 2026","Thu Oct 01 11:17:06 UTC 2026","1284","","","","","","[STAGE] Verify Open Invalid Product URL",""
"passed","Thu Oct 01 11:16:58 UTC 2026","Thu Oct 01 11:17:00 UTC 2026","1495","","","","","","[STAGE] Positive: Complete checkout flow Pooja",""
"passed","Thu Oct 01 11:16:42 UTC 2026","Thu Oct 01 11:16:45 UTC 2026","3135","","","","","","[STAGE] Positive: Complete checkout flow Nitin",""
"passed","Thu Oct 01 11:16:29 UTC 2026","Thu Oct 01 11:16:30 UTC 2026","1354","","","","","","[STAGE] Positive: Complete checkout flow Neha",""
"passed","Thu Oct 01 11:18:52 UTC 2026","Thu Oct 01 11:18:53 UTC 2026","760","","","","","","[STAGE] Positive: Successful login with valid credentials standard_user",""
"passed","Thu Oct 01 11:17:02 UTC 2026","Thu Oct 01 11:17:03 UTC 2026","1450","","","","","","[STAGE] Negative: Verify if first name is mandatory field and error message found",""
"passed","Thu Oct 01 11:16:09 UTC 2026","Thu Oct 01 11:16:10 UTC 2026","692","","","","","","[STAGE] Positive: Complete checkout flow Pooja",""
"passed","Thu Oct 01 11:16:36 UTC 2026","Thu Oct 01 11:16:37 UTC 2026","957","","","","","","[STAGE] Verify Successfully add product to cart @smoke",""
"passed","Thu Oct 01 11:16:11 UTC 2026","Thu Oct 01 11:16:11 UTC 2026","658","","","","","","[STAGE] Negative: Verify if first name is mandatory field and error message found",""
"passed","Thu Oct 01 11:16:01 UTC 2026","Thu Oct 01 11:16:01 UTC 2026","36","","","","","","[STAGE] TC_CREATE_UPDATE_002 - Update booking without auth token",""
"passed","Thu Oct 01 11:16:08 UTC 2026","Thu Oct 01 11:16:09 UTC 2026","695","","","","","","[STAGE] Positive: Complete checkout flow Neha",""
"passed","Thu Oct 01 11:17:11 UTC 2026","Thu Oct 01 11:17:36 UTC 2026","25067","","","","","","[STAGE] Positive: Complete checkout flow Nitin",""
"passed","Thu Oct 01 11:16:01 UTC 2026","Thu Oct 01 11:16:01 UTC 2026","36","","","","","","[STAGE] TC_DELETE_002 - Delete booking without auth token",""
"passed","Thu Oct 01 11:16:01 UTC 2026","Thu Oct 01 11:16:01 UTC 2026","68","","","","","","[STAGE] TC_DELETE_001 - Delete booking with valid token",""
"passed","Thu Oct 01 11:18:44 UTC 2026","Thu Oct 01 11:18:45 UTC 2026","912","","","","","","[STAGE] Positive: Complete checkout flow Sneha",""
"passed","Thu Oct 01 11:16:37 UTC 2026","Thu Oct 01 11:16:38 UTC 2026","1008","","","","","","[STAGE] Verify Open Invalid Product URL",""
"passed","Thu Oct 01 11:18:43 UTC 2026","Thu Oct 01 11:18:44 UTC 2026","880","","","","","","[STAGE] Positive: Complete checkout flow Rahul",""
"passed","Thu Oct 01 11:16:04 UTC 2026","Thu Oct 01 11:16:05 UTC 2026","767","","","","","","[STAGE] Positive: Complete checkout flow Amit",""
"passed","Thu Oct 01 11:16:09 UTC 2026","Thu Oct 01 11:16:09 UTC 2026","742","","","","","","[STAGE] Positive: Complete checkout flow Vikram",""
"passed","Thu Oct 01 11:18:24 UTC 2026","Thu Oct 01 11:18:25 UTC 2026","876","","","","","","[STAGE] Positive: Complete checkout flow Karan",""
"passed","Thu Oct 01 11:16:13 UTC 2026","Thu Oct 01 11:16:13 UTC 2026","589","","","","","","[STAGE] Positive: Successful login with valid credentials standard_user",""
"passed","Thu Oct 01 11:16:30 UTC 2026","Thu Oct 01 11:16:31 UTC 2026","1139","","","","","","[STAGE] Positive: Complete checkout flow Vikram",""
"passed","Thu Oct 01 11:18:23 UTC 2026","Thu Oct 01 11:18:24 UTC 2026","871","","","","","","[STAGE] Positive: Complete checkout flow Pooja",""
"passed","Thu Oct 01 11:18:53 UTC 2026","Thu Oct 01 11:18:54 UTC 2026","750","","","","","","[STAGE] Positive: Successful login with valid credentials problem_user",""
"passed","Thu Oct 01 11:16:12 UTC 2026","Thu Oct 01 11:16:13 UTC 2026","718","","","","","","[STAGE] Verify Open Invalid Product URL",""
"passed","Thu Oct 01 11:17:06 UTC 2026","Thu Oct 01 11:17:07 UTC 2026","1074","","","","","","[STAGE] Positive: Successful login with valid credentials standard_user",""
"passed","Thu Oct 01 11:16:25 UTC 2026","Thu Oct 01 11:16:26 UTC 2026","1090","","","","","","[STAGE] Positive: Complete checkout flow Rahul",""
"passed","Thu Oct 01 11:16:53 UTC 2026","Thu Oct 01 11:16:55 UTC 2026","1714","","","","","","[STAGE] Positive: Complete checkout flow Arjun",""
"passed","Thu Oct 01 11:16:51 UTC 2026","Thu Oct 01 11:16:53 UTC 2026","1651","","","","","","[STAGE] Positive: Complete checkout flow Sneha",""
"passed","Thu Oct 01 11:16:50 UTC 2026","Thu Oct 01 11:16:51 UTC 2026","1675","","","","","","[STAGE] Positive: Complete checkout flow Rahul",""
"passed","Thu Oct 01 11:16:26 UTC 2026","Thu Oct 01 11:16:27 UTC 2026","1127","","","","","","[STAGE] Positive: Complete checkout flow Sneha",""
"passed","Thu Oct 01 11:18:42 UTC 2026","Thu Oct 01 11:18:43 UTC 2026","868","","","","","","[STAGE] Positive: Complete checkout flow Priya",""
"passed","Thu Oct 01 11:16:07 UTC 2026","Thu Oct 01 11:16:08 UTC 2026","752","","","","","","[STAGE] Positive: Complete checkout flow Arjun",""
"passed","Thu Oct 01 11:16:01 UTC 2026","Thu Oct 01 11:16:01 UTC 2026","69","","","","","","[STAGE] TC_CREATE_UPDATE_001 - Create and update booking successfully",""
"passed","Thu Oct 01 11:18:28 UTC 2026","Thu Oct 01 11:18:29 UTC 2026","736","","","","","","[STAGE] Positive: Successful login with valid credentials problem_user",""
"passed","Thu Oct 01 11:18:21 UTC 2026","Thu Oct 01 11:18:22 UTC 2026","973","","","","","","[STAGE] Positive: Complete checkout flow Arjun",""
"passed","Thu Oct 01 11:18:31 UTC 2026","Thu Oct 01 11:18:35 UTC 2026","3731","","","","","","[STAGE] Positive: Complete checkout flow Nitin",""
"passed","Thu Oct 01 11:16:39 UTC 2026","Thu Oct 01 11:16:40 UTC 2026","849","","","","","","[STAGE] Positive: Successful login with valid credentials problem_user",""
"passed","Thu Oct 01 11:18:30 UTC 2026","Thu Oct 01 11:18:30 UTC 2026","571","","","","","","[STAGE] Negative: Login failure with invalid credentials",""
"passed","Thu Oct 01 11:16:32 UTC 2026","Thu Oct 01 11:16:35 UTC 2026","2444","","","","","","[STAGE] Positive: Complete checkout flow Karan",""
"passed","Thu Oct 01 11:17:00 UTC 2026","Thu Oct 01 11:17:02 UTC 2026","1643","","","","","","[STAGE] Positive: Complete checkout flow Karan",""
"passed","Thu Oct 01 11:18:54 UTC 2026","Thu Oct 01 11:18:55 UTC 2026","632","","","","","","[STAGE] Negative: Login failure with invalid credentials",""
"passed","Thu Oct 01 11:18:46 UTC 2026","Thu Oct 01 11:18:47 UTC 2026","887","","","","","","[STAGE] Positive: Complete checkout flow Neha",""
"passed","Thu Oct 01 11:18:48 UTC 2026","Thu Oct 01 11:18:49 UTC 2026","879","","","","","","[STAGE] Positive: Complete checkout flow Pooja",""
"passed","Thu Oct 01 11:16:11 UTC 2026","Thu Oct 01 11:16:12 UTC 2026","661","","","","","","[STAGE] Verify Successfully add product to cart @smoke",""
"passed","Thu Oct 01 11:16:31 UTC 2026","Thu Oct 01 11:16:32 UTC 2026","1126","","","","","","[STAGE] Positive: Complete checkout flow Pooja",""
"passed","Thu Oct 01 11:17:03 UTC 2026","Thu Oct 01 11:17:04 UTC 2026","1381","","","","","","[STAGE] Verify Successfully add product to cart @smoke",""
"passed","Thu Oct 01 11:16:06 UTC 2026","Thu Oct 01 11:16:07 UTC 2026","701","","","","","","[STAGE] Positive: Complete checkout flow Sneha",""
"passed","Thu Oct 01 11:16:01 UTC 2026","Thu Oct 01 11:16:01 UTC 2026","39","","","","","","[STAGE] TC_AUTH_001 - Generate token with valid credentials",""
"passed","Thu Oct 01 11:16:57 UTC 2026","Thu Oct 01 11:16:58 UTC 2026","1789","","","","","","[STAGE] Positive: Complete checkout flow Vikram",""
"passed","Thu Oct 01 11:18:20 UTC 2026","Thu Oct 01 11:18:21 UTC 2026","894","","","","","","[STAGE] Positive: Complete checkout flow Sneha",""
"passed","Thu Oct 01 11:18:50 UTC 2026","Thu Oct 01 11:18:51 UTC 2026","785","","","","","","[STAGE] Verify Successfully add product to cart @smoke",""
"passed","Thu Oct 01 11:18:18 UTC 2026","Thu Oct 01 11:18:19 UTC 2026","835","","","","","","[STAGE] Positive: Complete checkout flow Priya",""
"passed","Thu Oct 01 11:18:45 UTC 2026","Thu Oct 01 11:18:46 UTC 2026","854","","","","","","[STAGE] Positive: Complete checkout flow Arjun",""
"passed","Thu Oct 01 11:18:25 UTC 2026","Thu Oct 01 11:18:26 UTC 2026","878","","","","","","[STAGE] Negative: Verify if first name is mandatory field and error message found",""
"passed","Thu Oct 01 11:16:10 UTC 2026","Thu Oct 01 11:16:11 UTC 2026","693","","","","","","[STAGE] Positive: Complete checkout flow Karan",""
"passed","Thu Oct 01 11:16:38 UTC 2026","Thu Oct 01 11:16:39 UTC 2026","812","","","","","","[STAGE] Positive: Successful login with valid credentials standard_user",""
"passed","Thu Oct 01 11:18:50 UTC 2026","Thu Oct 01 11:18:50 UTC 2026","821","","","","","","[STAGE] Negative: Verify if first name is mandatory field and error message found",""
"passed","Thu Oct 01 11:18:54 UTC 2026","Thu Oct 01 11:18:54 UTC 2026","755","","","","","","[STAGE] Positive: Successful login with valid credentials visual_user",""
"passed","Thu Oct 01 11:18:47 UTC 2026","Thu Oct 01 11:18:48 UTC 2026","873","","","","","","[STAGE] Positive: Complete checkout flow Vikram",""
"passed","Thu Oct 01 11:16:15 UTC 2026","Thu Oct 01 11:16:15 UTC 2026","462","","","","","","[STAGE] Negative: Login failure with invalid credentials",""
"passed","Thu Oct 01 11:16:46 UTC 2026","Thu Oct 01 11:16:48 UTC 2026","1765","","","","","","[STAGE] Positive: Complete checkout flow Amit",""
"passed","Thu Oct 01 11:16:23 UTC 2026","Thu Oct 01 11:16:24 UTC 2026","1174","","","","","","[STAGE] Positive: Complete checkout flow Amit",""
"passed","Thu Oct 01 11:16:01 UTC 2026","Thu Oct 01 11:16:01 UTC 2026","39","","","","","","[STAGE] TC_AUTH_002 - Generate token with invalid credentials",""
"passed","Thu Oct 01 11:18:23 UTC 2026","Thu Oct 01 11:18:23 UTC 2026","871","","","","","","[STAGE] Positive: Complete checkout flow Vikram",""
"passed","Thu Oct 01 11:16:27 UTC 2026","Thu Oct 01 11:16:29 UTC 2026","1094","","","","","","[STAGE] Positive: Complete checkout flow Arjun",""
"passed","Thu Oct 01 11:17:07 UTC 2026","Thu Oct 01 11:17:08 UTC 2026","1115","","","","","","[STAGE] Positive: Successful login with valid credentials problem_user",""
"passed","Thu Oct 01 11:16:35 UTC 2026","Thu Oct 01 11:16:36 UTC 2026","1235","","","","","","[STAGE] Negative: Verify if first name is mandatory field and error message found",""
"passed","Thu Oct 01 11:16:40 UTC 2026","Thu Oct 01 11:16:40 UTC 2026","820","","","","","","[STAGE] Positive: Successful login with valid credentials visual_user",""
"passed","Thu Oct 01 11:17:09 UTC 2026","Thu Oct 01 11:17:10 UTC 2026","862","","","","","","[STAGE] Negative: Login failure with invalid credentials",""
"passed","Thu Oct 01 11:16:01 UTC 2026","Thu Oct 01 11:16:01 UTC 2026","72","","","","","","[STAGE] TC_GET_001 - Fetch booking using valid booking ID",""
"passed","Thu Oct 01 11:16:40 UTC 2026","Thu Oct 01 11:16:41 UTC 2026","738","","","","","","[STAGE] Negative: Login failure with invalid credentials",""
"passed","Thu Oct 01 11:16:13 UTC 2026","Thu Oct 01 11:16:14 UTC 2026","607","","","","","","[STAGE] Positive: Successful login with valid credentials problem_user",""
"passed","Thu Oct 01 11:16:06 UTC 2026","Thu Oct 01 11:16:06 UTC 2026","747","","","","","","[STAGE] Positive: Complete checkout flow Rahul",""
