"DESCRIPTION","DURATION IN MS","NAME","PARENT SUITE","START TIME","STATUS","STOP TIME","SUB SUITE","SUITE","TEST CLASS","TEST METHOD"
"","430","Verify Successfully add product to cart @smoke","Chromium","2026-09-29","passed","2026-09-29","","gui/swaglabs/inventorypage.spec.ts","",""
"","2935","Positive: Successful login with valid credentials standard_user","firefox","2026-05-20","passed","2026-05-20","","gui/swaglabs/loginpage.spec.ts","",""
"","2959","Verify Successfully add product to cart","webkit","2026-05-20","passed","2026-05-20","","gui/swaglabs/inventorypage.spec.ts","",""
"","9047","Positive: Complete checkout flow Arjun","firefox","2026-05-20","passed","2026-05-20","","gui/swaglabs/checkoutpage.spec.ts","",""
"","2794","Positive: Successful login with valid credentials problem_user","webkit","2026-05-20","passed","2026-05-20","","gui/swaglabs/loginpage.spec.ts","",""
"","678","Positive: Complete checkout flow Rahul","Microsoft Edge","2026-09-29","passed","2026-09-29","","gui/swaglabs/checkoutpage.spec.ts","",""
"","2087","Verify Open Invalid Product URL","Google Chrome","2026-05-20","passed","2026-05-20","","gui/swaglabs/inventorypage.spec.ts","",""
"","5055","Positive: Complete checkout flow Priya","Google Chrome","2026-05-20","passed","2026-05-20","","gui/swaglabs/checkoutpage.spec.ts","",""
"","3289","Verify Open Invalid Product URL","webkit","2026-05-20","passed","2026-05-20","","gui/swaglabs/inventorypage.spec.ts","",""
"","11003","Positive: Complete checkout flow Rahul","firefox","2026-05-20","passed","2026-05-20","","gui/swaglabs/checkoutpage.spec.ts","",""
"","3628","Positive: Complete checkout flow Sneha","Google Chrome","2026-05-20","passed","2026-05-20","","gui/swaglabs/checkoutpage.spec.ts","",""
"","7328","Verify Open Invalid Product URL","firefox","2026-05-20","passed","2026-05-20","","gui/swaglabs/inventorypage.spec.ts","",""
"","1149","Positive: Complete checkout flow Arjun","WebKit","2026-09-29","passed","2026-09-29","","gui/swaglabs/checkoutpage.spec.ts","",""
"","384","Positive: Successful login with valid credentials standard_user","Chromium","2026-09-29","passed","2026-09-29","","gui/swaglabs/loginpage.spec.ts","",""
"","325","TC_AUTH_002 - Generate token with invalid credentials","API","2026-05-20","passed","2026-05-20","Restful Booker API Test Suite > Authentication Module","api/booking/restfullbooker.spec.ts","",""
"","508","Positive: Complete checkout flow Rahul","Chromium","2026-09-29","passed","2026-09-29","","gui/swaglabs/checkoutpage.spec.ts","",""
"","3278","Positive: Successful login with valid credentials problem_user","firefox","2026-05-20","passed","2026-05-20","","gui/swaglabs/loginpage.spec.ts","",""
"","1344","Positive: Complete checkout flow Priya","WebKit","2026-09-29","passed","2026-09-29","","gui/swaglabs/checkoutpage.spec.ts","",""
"","1189","Positive: Complete checkout flow Karan","WebKit","2026-09-29","passed","2026-09-29","","gui/swaglabs/checkoutpage.spec.ts","",""
"","5987","Verify Successfully add product to cart","firefox","2026-05-20","passed","2026-05-20","","gui/swaglabs/inventorypage.spec.ts","",""
"","1191","Positive: Complete checkout flow Sneha","WebKit","2026-09-29","passed","2026-09-29","","gui/swaglabs/checkoutpage.spec.ts","",""
"","631","Positive: Successful login with valid credentials visual_user","Firefox","2026-09-29","passed","2026-09-29","","gui/swaglabs/loginpage.spec.ts","",""
"","511","Positive: Successful login with valid credentials standard_user","Microsoft Edge","2026-09-29","passed","2026-09-29","","gui/swaglabs/loginpage.spec.ts","",""
"","2279","Negative: Login failure with invalid credentials","firefox","2026-05-20","passed","2026-05-20","","gui/swaglabs/loginpage.spec.ts","",""
"","1873","Positive: Complete checkout flow Karan","Firefox","2026-09-29","passed","2026-09-29","","gui/swaglabs/checkoutpage.spec.ts","",""
"","407","Positive: Successful login with valid credentials visual_user","Chromium","2026-09-29","passed","2026-09-29","","gui/swaglabs/loginpage.spec.ts","",""
"","1273","Negative: Login failure with invalid credentials","Google Chrome","2026-05-20","passed","2026-05-20","","gui/swaglabs/loginpage.spec.ts","",""
"","1957","Negative: Login failure with invalid credentials","webkit","2026-05-20","passed","2026-05-20","","gui/swaglabs/loginpage.spec.ts","",""
"","564","Positive: Successful login with valid credentials standard_user","Firefox","2026-09-29","passed","2026-09-29","","gui/swaglabs/loginpage.spec.ts","",""
"","575","Negative: Verify if first name is mandatory field and error message found","Microsoft Edge","2026-09-29","passed","2026-09-29","","gui/swaglabs/checkoutpage.spec.ts","",""
"","720","Positive: Complete checkout flow Nitin","Microsoft Edge","2026-09-29","passed","2026-09-29","","gui/swaglabs/checkoutpage.spec.ts","",""
"","3377","Positive: Complete checkout flow Vikram","Google Chrome","2026-05-20","passed","2026-05-20","","gui/swaglabs/checkoutpage.spec.ts","",""
"","2541","Negative: Verify if first name is mandatory field and error message found","Google Chrome","2026-05-20","passed","2026-05-20","","gui/swaglabs/checkoutpage.spec.ts","",""
"","502","Positive: Complete checkout flow Vikram","Chromium","2026-09-29","passed","2026-09-29","","gui/swaglabs/checkoutpage.spec.ts","",""
"","13","TC_CREATE_UPDATE_001 - Create and update booking successfully","API","2026-09-29","passed","2026-09-29","Restful Booker API Test Suite > Booking Create And Update Module","api/booking/restfullbooker.spec.ts","",""
"","1239","Positive: Complete checkout flow Pooja","WebKit","2026-09-29","passed","2026-09-29","","gui/swaglabs/checkoutpage.spec.ts","",""
"","1455","Positive: Complete checkout flow Nitin","WebKit","2026-09-29","passed","2026-09-29","","gui/swaglabs/checkoutpage.spec.ts","",""
"","969","Negative: Verify if first name is mandatory field and error message found","Firefox","2026-09-29","passed","2026-09-29","","gui/swaglabs/checkoutpage.spec.ts","",""
"","666","Positive: Complete checkout flow Pooja","Google Chrome","2026-09-29","passed","2026-09-29","","gui/swaglabs/checkoutpage.spec.ts","",""
"","3613","Negative: Verify if first name is mandatory field and error message found","webkit","2026-05-20","passed","2026-05-20","","gui/swaglabs/checkoutpage.spec.ts","",""
"","2878","Positive: Complete checkout flow Pooja","Google Chrome","2026-05-20","passed","2026-05-20","","gui/swaglabs/checkoutpage.spec.ts","",""
"","1566","Positive: Successful login with valid credentials visual_user","Google Chrome","2026-05-20","passed","2026-05-20","","gui/swaglabs/loginpage.spec.ts","",""
"","3295","Positive: Complete checkout flow Neha","Google Chrome","2026-05-20","passed","2026-05-20","","gui/swaglabs/checkoutpage.spec.ts","",""
"","632","Verify Successfully add product to cart @smoke","Google Chrome","2026-09-29","passed","2026-09-29","","gui/swaglabs/inventorypage.spec.ts","",""
"","1324","Positive: Complete checkout flow Neha","WebKit","2026-09-29","passed","2026-09-29","","gui/swaglabs/checkoutpage.spec.ts","",""
"","694","Positive: Complete checkout flow Rahul","Google Chrome","2026-09-29","passed","2026-09-29","","gui/swaglabs/checkoutpage.spec.ts","",""
"","876","Positive: Complete checkout flow Vikram","Firefox","2026-09-29","passed","2026-09-29","","gui/swaglabs/checkoutpage.spec.ts","",""
"","12","TC_DELETE_001 - Delete booking with valid token","API","2026-09-29","passed","2026-09-29","Restful Booker API Test Suite > Booking Delete Module","api/booking/restfullbooker.spec.ts","",""
"","800","Positive: Complete checkout flow Amit","Firefox","2026-09-29","passed","2026-09-29","","gui/swaglabs/checkoutpage.spec.ts","",""
"","698","Positive: Complete checkout flow Karan","Google Chrome","2026-09-29","passed","2026-09-29","","gui/swaglabs/checkoutpage.spec.ts","",""
"","669","Positive: Complete checkout flow Sneha","Microsoft Edge","2026-09-29","passed","2026-09-29","","gui/swaglabs/checkoutpage.spec.ts","",""
"","773","Positive: Complete checkout flow Priya","Firefox","2026-09-29","passed","2026-09-29","","gui/swaglabs/checkoutpage.spec.ts","",""
"","521","Positive: Complete checkout flow Arjun","Chromium","2026-09-29","passed","2026-09-29","","gui/swaglabs/checkoutpage.spec.ts","",""
"","659","Positive: Complete checkout flow Priya","Microsoft Edge","2026-09-29","passed","2026-09-29","","gui/swaglabs/checkoutpage.spec.ts","",""
"","802","Positive: Complete checkout flow Neha","Firefox","2026-09-29","passed","2026-09-29","","gui/swaglabs/checkoutpage.spec.ts","",""
"","4647","Negative: Verify if first name is mandatory field and error message found","firefox","2026-05-20","passed","2026-05-20","","gui/swaglabs/checkoutpage.spec.ts","",""
"","8451","Positive: Complete checkout flow Neha","firefox","2026-05-20","passed","2026-05-20","","gui/swaglabs/checkoutpage.spec.ts","",""
"","293","TC_GET_002 - Fetch booking using invalid booking ID","API","2026-05-20","passed","2026-05-20","Restful Booker API Test Suite > Booking Retrieval Module","api/booking/restfullbooker.spec.ts","",""
"","509","Positive: Complete checkout flow Sneha","Chromium","2026-09-29","passed","2026-09-29","","gui/swaglabs/checkoutpage.spec.ts","",""
"","508","Positive: Complete checkout flow Priya","Chromium","2026-09-29","passed","2026-09-29","","gui/swaglabs/checkoutpage.spec.ts","",""
"","3711","Positive: Complete checkout flow Neha","webkit","2026-05-20","passed","2026-05-20","","gui/swaglabs/checkoutpage.spec.ts","",""
"","600","Verify Open Invalid Product URL","Google Chrome","2026-09-29","passed","2026-09-29","","gui/swaglabs/inventorypage.spec.ts","",""
"","873","Positive: Successful login with valid credentials visual_user","WebKit","2026-09-29","passed","2026-09-29","","gui/swaglabs/loginpage.spec.ts","",""
"","7","TC_CREATE_UPDATE_002 - Update booking without auth token","API","2026-09-29","passed","2026-09-29","Restful Booker API Test Suite > Booking Create And Update Module","api/booking/restfullbooker.spec.ts","",""
"","1167","Positive: Complete checkout flow Rahul","WebKit","2026-09-29","passed","2026-09-29","","gui/swaglabs/checkoutpage.spec.ts","",""
"","9302","Positive: Complete checkout flow Sneha","firefox","2026-05-20","passed","2026-05-20","","gui/swaglabs/checkoutpage.spec.ts","",""
"","3086","Positive: Complete checkout flow Priya","webkit","2026-05-20","passed","2026-05-20","","gui/swaglabs/checkoutpage.spec.ts","",""
"","274","Negative: Login failure with invalid credentials","Chromium","2026-09-29","passed","2026-09-29","","gui/swaglabs/loginpage.spec.ts","",""
"","802","Verify Open Invalid Product URL","WebKit","2026-09-29","passed","2026-09-29","","gui/swaglabs/inventorypage.spec.ts","",""
"","7419","Positive: Complete checkout flow Amit","firefox","2026-05-20","passed","2026-05-20","","gui/swaglabs/checkoutpage.spec.ts","",""
"","3330","Positive: Complete checkout flow Nitin","Firefox","2026-09-29","passed","2026-09-29","","gui/swaglabs/checkoutpage.spec.ts","",""
"","392","Negative: Login failure with invalid credentials","Microsoft Edge","2026-09-29","passed","2026-09-29","","gui/swaglabs/loginpage.spec.ts","",""
"","3404","Positive: Complete checkout flow Arjun","webkit","2026-05-20","passed","2026-05-20","","gui/swaglabs/checkoutpage.spec.ts","",""
"","2915","Positive: Complete checkout flow Karan","webkit","2026-05-20","passed","2026-05-20","","gui/swaglabs/checkoutpage.spec.ts","",""
"","594","Positive: Complete checkout flow Pooja","Microsoft Edge","2026-09-29","passed","2026-09-29","","gui/swaglabs/checkoutpage.spec.ts","",""
"","339","TC_CREATE_UPDATE_002 - Update booking without auth token","API","2026-05-20","passed","2026-05-20","Restful Booker API Test Suite > Booking Create And Update Module","api/booking/restfullbooker.spec.ts","",""
"","15","TC_GET_001 - Fetch booking using valid booking ID","API","2026-09-29","passed","2026-09-29","Restful Booker API Test Suite > Booking Retrieval Module","api/booking/restfullbooker.spec.ts","",""
"","3254","Positive: Complete checkout flow Pooja","webkit","2026-05-20","passed","2026-05-20","","gui/swaglabs/checkoutpage.spec.ts","",""
"","1009","Positive: Complete checkout flow Pooja","Firefox","2026-09-29","passed","2026-09-29","","gui/swaglabs/checkoutpage.spec.ts","",""
"","4958","Positive: Complete checkout flow Nitin","Google Chrome","2026-05-20","passed","2026-05-20","","gui/swaglabs/checkoutpage.spec.ts","",""
"","1162","Positive: Complete checkout flow Vikram","WebKit","2026-09-29","passed","2026-09-29","","gui/swaglabs/checkoutpage.spec.ts","",""
"","789","Positive: Complete checkout flow Arjun","Firefox","2026-09-29","passed","2026-09-29","","gui/swaglabs/checkoutpage.spec.ts","",""
"","687","Positive: Complete checkout flow Priya","Google Chrome","2026-09-29","passed","2026-09-29","","gui/swaglabs/checkoutpage.spec.ts","",""
"","1093","Negative: Verify if first name is mandatory field and error message found","WebKit","2026-09-29","passed","2026-09-29","","gui/swaglabs/checkoutpage.spec.ts","",""
"","398","Positive: Successful login with valid credentials problem_user","Chromium","2026-09-29","passed","2026-09-29","","gui/swaglabs/loginpage.spec.ts","",""
"","584","TC_GET_001 - Fetch booking using valid booking ID","API","2026-05-20","passed","2026-05-20","Restful Booker API Test Suite > Booking Retrieval Module","api/booking/restfullbooker.spec.ts","",""
"","591","TC_CREATE_UPDATE_001 - Create and update booking successfully","API","2026-05-20","passed","2026-05-20","Restful Booker API Test Suite > Booking Create And Update Module","api/booking/restfullbooker.spec.ts","",""
"","569","Positive: Successful login with valid credentials problem_user","Google Chrome","2026-09-29","passed","2026-09-29","","gui/swaglabs/loginpage.spec.ts","",""
"","3373","Positive: Complete checkout flow Arjun","Google Chrome","2026-05-20","passed","2026-05-20","","gui/swaglabs/checkoutpage.spec.ts","",""
"","561","TC_DELETE_001 - Delete booking with valid token","API","2026-05-20","passed","2026-05-20","Restful Booker API Test Suite > Booking Delete Module","api/booking/restfullbooker.spec.ts","",""
"","3464","Positive: Successful login with valid credentials standard_user","webkit","2026-05-20","passed","2026-05-20","","gui/swaglabs/loginpage.spec.ts","",""
"","650","Verify Successfully add product to cart @smoke","Firefox","2026-09-29","passed","2026-09-29","","gui/swaglabs/inventorypage.spec.ts","",""
"","444","Verify Open Invalid Product URL","Chromium","2026-09-29","passed","2026-09-29","","gui/swaglabs/inventorypage.spec.ts","",""
"","619","Negative: Verify if first name is mandatory field and error message found","Google Chrome","2026-09-29","passed","2026-09-29","","gui/swaglabs/checkoutpage.spec.ts","",""
"","804","Positive: Complete checkout flow Sneha","Firefox","2026-09-29","passed","2026-09-29","","gui/swaglabs/checkoutpage.spec.ts","",""
"","4994","Positive: Complete checkout flow Rahul","Google Chrome","2026-05-20","passed","2026-05-20","","gui/swaglabs/checkoutpage.spec.ts","",""
"","295","TC_DELETE_002 - Delete booking without auth token","API","2026-05-20","passed","2026-05-20","Restful Booker API Test Suite > Booking Delete Module","api/booking/restfullbooker.spec.ts","",""
"","771","Positive: Complete checkout flow Rahul","Firefox","2026-09-29","passed","2026-09-29","","gui/swaglabs/checkoutpage.spec.ts","",""
"","456","Negative: Login failure with invalid credentials","Google Chrome","2026-09-29","passed","2026-09-29","","gui/swaglabs/loginpage.spec.ts","",""
"","639","Negative: Login failure with invalid credentials","WebKit","2026-09-29","passed","2026-09-29","","gui/swaglabs/loginpage.spec.ts","",""
"","618","Positive: Complete checkout flow Arjun","Microsoft Edge","2026-09-29","passed","2026-09-29","","gui/swaglabs/checkoutpage.spec.ts","",""
"","2138","Verify Successfully add product to cart","Google Chrome","2026-05-20","passed","2026-05-20","","gui/swaglabs/inventorypage.spec.ts","",""
"","2877","Positive: Complete checkout flow Karan","Google Chrome","2026-05-20","passed","2026-05-20","","gui/swaglabs/checkoutpage.spec.ts","",""
"","1366","Positive: Complete checkout flow Amit","WebKit","2026-09-29","passed","2026-09-29","","gui/swaglabs/checkoutpage.spec.ts","",""
"","4913","Positive: Complete checkout flow Amit","Google Chrome","2026-05-20","passed","2026-05-20","","gui/swaglabs/checkoutpage.spec.ts","",""
"","1047","Positive: Successful login with valid credentials problem_user","Google Chrome","2026-05-20","passed","2026-05-20","","gui/swaglabs/loginpage.spec.ts","",""
"","586","Positive: Successful login with valid credentials visual_user","Google Chrome","2026-09-29","passed","2026-09-29","","gui/swaglabs/loginpage.spec.ts","",""
"","550","Verify Successfully add product to cart @smoke","Microsoft Edge","2026-09-29","passed","2026-09-29","","gui/swaglabs/inventorypage.spec.ts","",""
"","9","TC_GET_002 - Fetch booking using invalid booking ID","API","2026-09-29","passed","2026-09-29","Restful Booker API Test Suite > Booking Retrieval Module","api/booking/restfullbooker.spec.ts","",""
"","573","Negative: Login failure with invalid credentials","Firefox","2026-09-29","passed","2026-09-29","","gui/swaglabs/loginpage.spec.ts","",""
"","688","Positive: Complete checkout flow Vikram","Google Chrome","2026-09-29","passed","2026-09-29","","gui/swaglabs/checkoutpage.spec.ts","",""
"","796","Positive: Complete checkout flow Nitin","Google Chrome","2026-09-29","passed","2026-09-29","","gui/swaglabs/checkoutpage.spec.ts","",""
"","649","Positive: Complete checkout flow Amit","Google Chrome","2026-09-29","passed","2026-09-29","","gui/swaglabs/checkoutpage.spec.ts","",""
"","545","Positive: Successful login with valid credentials visual_user","Microsoft Edge","2026-09-29","passed","2026-09-29","","gui/swaglabs/loginpage.spec.ts","",""
"","588","Positive: Successful login with valid credentials standard_user","Google Chrome","2026-09-29","passed","2026-09-29","","gui/swaglabs/loginpage.spec.ts","",""
"","471","Positive: Complete checkout flow Karan","Chromium","2026-09-29","passed","2026-09-29","","gui/swaglabs/checkoutpage.spec.ts","",""
"","3759","Positive: Complete checkout flow Sneha","webkit","2026-05-20","passed","2026-05-20","","gui/swaglabs/checkoutpage.spec.ts","",""
"","9","TC_AUTH_001 - Generate token with valid credentials","API","2026-09-29","passed","2026-09-29","Restful Booker API Test Suite > Authentication Module","api/booking/restfullbooker.spec.ts","",""
"","559","Verify Open Invalid Product URL","Microsoft Edge","2026-09-29","passed","2026-09-29","","gui/swaglabs/inventorypage.spec.ts","",""
"","4532","Positive: Complete checkout flow Rahul","webkit","2026-05-20","passed","2026-05-20","","gui/swaglabs/checkoutpage.spec.ts","",""
"","718","Positive: Complete checkout flow Arjun","Google Chrome","2026-09-29","passed","2026-09-29","","gui/swaglabs/checkoutpage.spec.ts","",""
"","6417","Positive: Complete checkout flow Nitin","firefox","2026-05-20","passed","2026-05-20","","gui/swaglabs/checkoutpage.spec.ts","",""
"","344","TC_AUTH_001 - Generate token with valid credentials","API","2026-05-20","passed","2026-05-20","Restful Booker API Test Suite > Authentication Module","api/booking/restfullbooker.spec.ts","",""
"","5763","Positive: Complete checkout flow Vikram","firefox","2026-05-20","passed","2026-05-20","","gui/swaglabs/checkoutpage.spec.ts","",""
"","635","Positive: Complete checkout flow Neha","Microsoft Edge","2026-09-29","passed","2026-09-29","","gui/swaglabs/checkoutpage.spec.ts","",""
"","15","TC_AUTH_002 - Generate token with invalid credentials","API","2026-09-29","passed","2026-09-29","Restful Booker API Test Suite > Authentication Module","api/booking/restfullbooker.spec.ts","",""
"","681","Positive: Complete checkout flow Neha","Google Chrome","2026-09-29","passed","2026-09-29","","gui/swaglabs/checkoutpage.spec.ts","",""
"","3630","Positive: Successful login with valid credentials visual_user","firefox","2026-05-20","passed","2026-05-20","","gui/swaglabs/loginpage.spec.ts","",""
"","690","Verify Open Invalid Product URL","Firefox","2026-09-29","passed","2026-09-29","","gui/swaglabs/inventorypage.spec.ts","",""
"","573","Positive: Successful login with valid credentials problem_user","Firefox","2026-09-29","passed","2026-09-29","","gui/swaglabs/loginpage.spec.ts","",""
"","3102","Positive: Complete checkout flow Vikram","webkit","2026-05-20","passed","2026-05-20","","gui/swaglabs/checkoutpage.spec.ts","",""
"","603","Positive: Complete checkout flow Vikram","Microsoft Edge","2026-09-29","passed","2026-09-29","","gui/swaglabs/checkoutpage.spec.ts","",""
"","708","Positive: Complete checkout flow Sneha","Google Chrome","2026-09-29","passed","2026-09-29","","gui/swaglabs/checkoutpage.spec.ts","",""
"","517","Positive: Complete checkout flow Amit","Chromium","2026-09-29","passed","2026-09-29","","gui/swaglabs/checkoutpage.spec.ts","",""
"","844","Positive: Successful login with valid credentials standard_user","WebKit","2026-09-29","passed","2026-09-29","","gui/swaglabs/loginpage.spec.ts","",""
"","3141","Positive: Successful login with valid credentials visual_user","webkit","2026-05-20","passed","2026-05-20","","gui/swaglabs/loginpage.spec.ts","",""
"","3214","Positive: Complete checkout flow Amit","webkit","2026-05-20","passed","2026-05-20","","gui/swaglabs/checkoutpage.spec.ts","",""
"","7","TC_DELETE_002 - Delete booking without auth token","API","2026-09-29","passed","2026-09-29","Restful Booker API Test Suite > Booking Delete Module","api/booking/restfullbooker.spec.ts","",""
"","654","Positive: Complete checkout flow Karan","Microsoft Edge","2026-09-29","passed","2026-09-29","","gui/swaglabs/checkoutpage.spec.ts","",""
"","680","Positive: Complete checkout flow Nitin","Chromium","2026-09-29","passed","2026-09-29","","gui/swaglabs/checkoutpage.spec.ts","",""
"","635","Positive: Complete checkout flow Amit","Microsoft Edge","2026-09-29","passed","2026-09-29","","gui/swaglabs/checkoutpage.spec.ts","",""
"","5824","Positive: Complete checkout flow Pooja","firefox","2026-05-20","passed","2026-05-20","","gui/swaglabs/checkoutpage.spec.ts","",""
"","484","Positive: Successful login with valid credentials problem_user","Microsoft Edge","2026-09-29","passed","2026-09-29","","gui/swaglabs/loginpage.spec.ts","",""
"","446","Negative: Verify if first name is mandatory field and error message found","Chromium","2026-09-29","passed","2026-09-29","","gui/swaglabs/checkoutpage.spec.ts","",""
"","862","Positive: Successful login with valid credentials problem_user","WebKit","2026-09-29","passed","2026-09-29","","gui/swaglabs/loginpage.spec.ts","",""
"","4577","Positive: Complete checkout flow Karan","firefox","2026-05-20","passed","2026-05-20","","gui/swaglabs/checkoutpage.spec.ts","",""
"","1123","Verify Successfully add product to cart @smoke","WebKit","2026-09-29","passed","2026-09-29","","gui/swaglabs/inventorypage.spec.ts","",""
"","3709","Positive: Complete checkout flow Nitin","webkit","2026-05-20","passed","2026-05-20","","gui/swaglabs/checkoutpage.spec.ts","",""
"","511","Positive: Complete checkout flow Pooja","Chromium","2026-09-29","passed","2026-09-29","","gui/swaglabs/checkoutpage.spec.ts","",""
"","5415","Positive: Complete checkout flow Priya","firefox","2026-05-20","passed","2026-05-20","","gui/swaglabs/checkoutpage.spec.ts","",""
"","483","Positive: Complete checkout flow Neha","Chromium","2026-09-29","passed","2026-09-29","","gui/swaglabs/checkoutpage.spec.ts","",""
